ukprn,kiscourseid,title,degree_type,year_abroad_available,industry_year_available,foundation_year_available,ucasprogid,crseurl
10007784,UBAARLAANT18,Archaeology and Anthropology,BA,No,No,No,A23-J19,https://www.ucl.ac.uk/prospective-students/undergraduate/degrees/archaeology-and-anthropology-ba
10007784,UBAARTATEC18,Art and Technology,BA,No,No,No,A71-H86,https://www.ucl.ac.uk/prospective-students/undergraduate/degrees/art-and-technology-ba
10007784,UBABULACZE18,Bulgarian and Czech,BA,Yes,No,No,A49-A68,https://www.ucl.ac.uk/prospective-students/undergraduate/degrees/bulgarian-and-czech-ba
10007784,UBABULADAN18,Bulgarian and Danish,BA,Yes,No,No,A49-B45,https://www.ucl.ac.uk/prospective-students/undergraduate/degrees/bulgarian-and-danish-ba
10007784,UBABULADUT18,Bulgarian and Dutch,BA,Yes,No,No,A49-B46,https://www.ucl.ac.uk/prospective-students/undergraduate/degrees/bulgarian-and-dutch-ba
10007784,UBABULAEES18,Bulgarian and East European Studies,BA,Yes,No,No,A23-J37,https://www.ucl.ac.uk/prospective-students/undergraduate/degrees/bulgarian-and-east-european-studies-ba
10007784,UBABULAFIN18,Bulgarian and Finnish,BA,Yes,No,No,A49-A69,https://www.ucl.ac.uk/prospective-students/undergraduate/degrees/bulgarian-and-finnish-ba
10007784,UBABULAFRE18,Bulgarian and French,BA,Yes,No,No,A49-A10,https://www.ucl.ac.uk/prospective-students/undergraduate/degrees/bulgarian-and-french-ba
10007784,UBABULAGER18,Bulgarian and German,BA,Yes,No,No,A49-B47,https://www.ucl.ac.uk/prospective-students/undergraduate/degrees/bulgarian-and-german-ba
10007784,UBABULAHEB18,Bulgarian and Hebrew,BA,Yes,No,No,A48-J94,https://www.ucl.ac.uk/prospective-students/undergraduate/degrees/bulgarian-and-hebrew-ba
10007784,UBABULAHUN18,Bulgarian and Hungarian,BA,Yes,No,No,A49-A70,https://www.ucl.ac.uk/prospective-students/undergraduate/degrees/bulgarian-and-hungarian-ba
10007784,UBABULAITA18,Bulgarian and Italian,BA,Yes,No,No,A49-B49,https://www.ucl.ac.uk/prospective-students/undergraduate/degrees/bulgarian-and-italian-ba
10007784,UBABULANOR18,Bulgarian and Norwegian,BA,Yes,No,No,A49-B50,https://www.ucl.ac.uk/prospective-students/undergraduate/degrees/bulgarian-and-norwegian-ba
10007784,UBABULAPOL18,Bulgarian and Polish,BA,Yes,No,No,A49-A71,https://www.ucl.ac.uk/prospective-students/undergraduate/degrees/bulgarian-and-polish-ba
10007784,UBABULAPOR18,Bulgarian and Portuguese,BA,Yes,No,No,A49-B51,https://www.ucl.ac.uk/prospective-students/undergraduate/degrees/bulgarian-and-portuguese-ba
10007784,UBABULAROM18,Bulgarian and Romanian,BA,Yes,No,No,A49-A72,https://www.ucl.ac.uk/prospective-students/undergraduate/degrees/bulgarian-and-romanian-ba
10007784,UBABULARUS18,Bulgarian and Russian,BA,Yes,No,No,A49-A73,https://www.ucl.ac.uk/prospective-students/undergraduate/degrees/bulgarian-and-russian-ba
10007784,UBABULASPA18,Bulgarian and Spanish,BA,Yes,No,No,A49-A51,https://www.ucl.ac.uk/prospective-students/undergraduate/degrees/bulgarian-and-spanish-ba
10007784,UBABULASRB18,Bulgarian and Serbian/Croatian,BA,Yes,No,No,A49-A74,https://www.ucl.ac.uk/prospective-students/undergraduate/degrees/bulgarian-and-serbian-croatian-ba
10007784,UBABULASWE18,Bulgarian and Swedish,BA,Yes,No,No,A49-B52,https://www.ucl.ac.uk/prospective-students/undergraduate/degrees/bulgarian-and-swedish-ba
10007784,UBABULAUKR18,Bulgarian and Ukrainian,BA,Yes,No,No,A49-A76,https://www.ucl.ac.uk/prospective-students/undergraduate/degrees/bulgarian-and-ukrainian-ba
10007784,UBABULAYID18,Bulgarian and Yiddish,BA,Yes,No,No,A48-J95,https://www.ucl.ac.uk/prospective-students/undergraduate/degrees/bulgarian-and-yiddish-ba
10007784,UBACAWWABR18,Classics and the Ancient World with Study Abroad,BA,Yes,No,No,A68-G05,https://www.ucl.ac.uk/prospective-students/undergraduate/degrees/classics-and-ancient-world-study-abroad-ba
10007784,UBACLAACLC18,Classical Archaeology and Classical Civilisation,BA,No,No,No,A23-J49,https://www.ucl.ac.uk/prospective-students/undergraduate/degrees/classical-archaeology-and-classical-civilisation-ba
10007784,UBACLASANC18,Classics and the Ancient World,BA,No,No,No,A68-G04,https://www.ucl.ac.uk/prospective-students/undergraduate/degrees/classics-and-ancient-world-ba
10007784,UBACREAHUM18,Creative Arts and Humanities,BA,No,No,No,A66-B85,https://www.ucl.ac.uk/prospective-students/undergraduate/degrees/creative-arts-and-humanities-ba
10007784,UBACZEADAN18,Czech and Danish,BA,Yes,No,No,A49-B54,https://www.ucl.ac.uk/prospective-students/undergraduate/degrees/czech-and-danish-ba
10007784,UBACZEADUT18,Czech and Dutch,BA,Yes,No,No,A49-B56,https://www.ucl.ac.uk/prospective-students/undergraduate/degrees/czech-and-dutch-ba
10007784,UBACZEAEES18,Czech (with Slovak) and East European Studies,BA,Yes,No,No,A23-J55,https://www.ucl.ac.uk/prospective-students/undergraduate/degrees/czech-slovak-and-east-european-studies-ba
10007784,UBACZEAFIN18,Czech and Finnish,BA,Yes,No,No,A49-A77,https://www.ucl.ac.uk/prospective-students/undergraduate/degrees/czech-and-finnish-ba
10007784,UBACZEAFRE18,Czech and French,BA,Yes,No,No,A49-A16,https://www.ucl.ac.uk/prospective-students/undergraduate/degrees/czech-and-french-ba
10007784,UBACZEAGER18,Czech and German,BA,Yes,No,No,A49-B57,https://www.ucl.ac.uk/prospective-students/undergraduate/degrees/czech-and-german-ba
10007784,UBACZEAHEB18,Czech and Hebrew,BA,Yes,No,No,A49-G16,https://www.ucl.ac.uk/prospective-students/undergraduate/degrees/czech-and-hebrew-ba
10007784,UBACZEAHUN18,Czech and Hungarian,BA,Yes,No,No,A49-A78,https://www.ucl.ac.uk/prospective-students/undergraduate/degrees/czech-and-hungarian-ba
10007784,UBACZEAITA18,Czech and Italian,BA,Yes,No,No,A49-B60,https://www.ucl.ac.uk/prospective-students/undergraduate/degrees/czech-and-italian-ba
10007784,UBACZEANOR18,Czech and Norwegian,BA,Yes,No,No,A49-B61,https://www.ucl.ac.uk/prospective-students/undergraduate/degrees/czech-and-norwegian-ba
10007784,UBACZEAPOL18,Czech and Polish,BA,Yes,No,No,A49-A80,https://www.ucl.ac.uk/prospective-students/undergraduate/degrees/czech-and-polish-ba
10007784,UBACZEAPOR18,Czech and Portuguese,BA,Yes,No,No,A49-B62,https://www.ucl.ac.uk/prospective-students/undergraduate/degrees/czech-and-portuguese-ba
10007784,UBACZEAROM18,Czech and Romanian,BA,Yes,No,No,A49-A81,https://www.ucl.ac.uk/prospective-students/undergraduate/degrees/czech-and-romanian-ba
10007784,UBACZEARUS18,Czech and Russian,BA,Yes,No,No,A49-A82,https://www.ucl.ac.uk/prospective-students/undergraduate/degrees/czech-and-russian-ba
10007784,UBACZEASPA18,Czech and Spanish,BA,Yes,No,No,A49-A52,https://www.ucl.ac.uk/prospective-students/undergraduate/degrees/czech-and-spanish-ba
10007784,UBACZEASRB18,Czech and Serbian/Croatian,BA,Yes,No,No,A49-A83,https://www.ucl.ac.uk/prospective-students/undergraduate/degrees/czech-and-serbian-croatian-ba
10007784,UBACZEASWE18,Czech and Swedish,BA,Yes,No,No,A49-B63,https://www.ucl.ac.uk/prospective-students/undergraduate/degrees/czech-and-swedish-ba
10007784,UBACZEAUKR18,Czech and Ukrainian,BA,Yes,No,No,A49-A85,https://www.ucl.ac.uk/prospective-students/undergraduate/degrees/czech-and-ukrainian-ba
10007784,UBACZEAYID18,Czech and Yiddish,BA,Yes,No,No,A49-G17,https://www.ucl.ac.uk/prospective-students/undergraduate/degrees/czech-and-yiddish-ba
10007784,UBADANADUT18,Danish and Dutch,BA,Yes,No,No,A49-G21,https://www.ucl.ac.uk/prospective-students/undergraduate/degrees/danish-and-dutch-ba
10007784,UBADANAFIN18,Danish and Finnish,BA,Yes,No,No,A49-B64,https://www.ucl.ac.uk/prospective-students/undergraduate/degrees/danish-and-finnish-ba
10007784,UBADANAFRE18,Danish and French,BA,Yes,No,No,A49-A17,https://www.ucl.ac.uk/prospective-students/undergraduate/degrees/danish-and-french-ba
10007784,UBADANAGER18,Danish and German,BA,Yes,No,No,A49-G22,https://www.ucl.ac.uk/prospective-students/undergraduate/degrees/danish-and-german-ba
10007784,UBADANAHEB18,Danish and Hebrew,BA,Yes,No,No,A49-G18,https://www.ucl.ac.uk/prospective-students/undergraduate/degrees/danish-and-hebrew-ba
10007784,UBADANAHUN18,Danish and Hungarian,BA,Yes,No,No,A49-B66,https://www.ucl.ac.uk/prospective-students/undergraduate/degrees/danish-and-hungarian-ba
10007784,UBADANAITA18,Danish and Italian,BA,Yes,No,No,A49-G23,https://www.ucl.ac.uk/prospective-students/undergraduate/degrees/danish-and-italian-ba
10007784,UBADANAPOL18,Danish and Polish,BA,Yes,No,No,A49-B67,https://www.ucl.ac.uk/prospective-students/undergraduate/degrees/danish-and-polish-ba
10007784,UBADANAPOR18,Danish and Portuguese,BA,Yes,No,No,A49-G25,https://www.ucl.ac.uk/prospective-students/undergraduate/degrees/danish-and-portuguese-ba
10007784,UBADANAROM18,Danish and Romanian,BA,Yes,No,No,A49-B69,https://www.ucl.ac.uk/prospective-students/undergraduate/degrees/danish-and-romanian-ba
10007784,UBADANARUS18,Danish and Russian,BA,No,No,No,A49-B70,https://www.ucl.ac.uk/prospective-students/undergraduate/degrees/danish-and-russian-ba
10007784,UBADANASPA18,Danish and Spanish,BA,Yes,No,No,A49-A53,https://www.ucl.ac.uk/prospective-students/undergraduate/degrees/danish-and-spanish-ba
10007784,UBADANASRB18,Danish and Serbian/Croatian,BA,Yes,No,No,A49-B71,https://www.ucl.ac.uk/prospective-students/undergraduate/degrees/danish-and-serbian-croatian-ba
10007784,UBADANAUKR18,Danish and Ukrainian,BA,Yes,No,No,A49-B73,https://www.ucl.ac.uk/prospective-students/undergraduate/degrees/danish-and-ukrainian-ba
10007784,UBADANAYID18,Danish and Yiddish,BA,Yes,No,No,A49-G19,https://www.ucl.ac.uk/prospective-students/undergraduate/degrees/danish-and-yiddish-ba
10007784,UBADUTAENG18,Dutch and English,BA,Yes,No,No,A49-G84,https://www.ucl.ac.uk/prospective-students/undergraduate/degrees/dutch-and-english-ba
10007784,UBADUTAFIN18,Dutch and Finnish,BA,Yes,No,No,A49-B74,https://www.ucl.ac.uk/prospective-students/undergraduate/degrees/dutch-and-finnish-ba
10007784,UBADUTAFRE18,Dutch and French,BA,Yes,No,No,A49-A14,https://www.ucl.ac.uk/prospective-students/undergraduate/degrees/dutch-and-french-ba
10007784,UBADUTAGER18,Dutch and German,BA,Yes,No,No,A49-G27,https://www.ucl.ac.uk/prospective-students/undergraduate/degrees/dutch-and-german-ba
10007784,UBADUTAHAR18,Dutch and History of Art,BA,Yes,No,No,A49-G85,https://www.ucl.ac.uk/prospective-students/undergraduate/degrees/dutch-and-history-art-ba
10007784,UBADUTAHEB18,Dutch and Hebrew,BA,Yes,No,No,A49-G20,https://www.ucl.ac.uk/prospective-students/undergraduate/degrees/dutch-and-hebrew-ba
10007784,UBADUTAHUN18,Dutch and Hungarian,BA,Yes,No,No,A49-B75,https://www.ucl.ac.uk/prospective-students/undergraduate/degrees/dutch-and-hungarian-ba
10007784,UBADUTAITA18,Dutch and Italian,BA,Yes,No,No,A49-G29,https://www.ucl.ac.uk/prospective-students/undergraduate/degrees/dutch-and-italian-ba
10007784,UBADUTALAT18,Dutch and Latin,BA,Yes,No,No,A49-H04,https://www.ucl.ac.uk/prospective-students/undergraduate/degrees/dutch-and-latin-ba
10007784,UBADUTAMAN18,Dutch and Management Studies,BA,Yes,No,No,A49-G87,https://www.ucl.ac.uk/prospective-students/undergraduate/degrees/dutch-and-management-studies-ba
10007784,UBADUTANOR18,Dutch and Norwegian,BA,Yes,No,No,A49-G30,https://www.ucl.ac.uk/prospective-students/undergraduate/degrees/dutch-and-norwegian-ba
10007784,UBADUTAPHI18,Dutch and Philosophy,BA,Yes,No,No,A49-H05,https://www.ucl.ac.uk/prospective-students/undergraduate/degrees/dutch-and-philosophy-ba
10007784,UBADUTAPOL18,Dutch and Polish,BA,Yes,No,No,A49-B76,https://www.ucl.ac.uk/prospective-students/undergraduate/degrees/dutch-and-polish-ba
10007784,UBADUTAPOR18,Dutch and Portuguese,BA,Yes,No,No,A49-G31,https://www.ucl.ac.uk/prospective-students/undergraduate/degrees/dutch-and-portuguese-ba
10007784,UBADUTAROM18,Dutch and Romanian,BA,Yes,No,No,A49-B77,https://www.ucl.ac.uk/prospective-students/undergraduate/degrees/dutch-and-romanian-ba
10007784,UBADUTARUS18,Dutch and Russian,BA,Yes,No,No,A49-B78,https://www.ucl.ac.uk/prospective-students/undergraduate/degrees/dutch-and-russian-ba
10007784,UBADUTASPA18,Dutch and Spanish,BA,Yes,No,No,A49-A54,https://www.ucl.ac.uk/prospective-students/undergraduate/degrees/dutch-and-spanish-ba
10007784,UBADUTASRB18,Dutch and Serbian/Croatian,BA,Yes,No,No,A49-G33,https://www.ucl.ac.uk/prospective-students/undergraduate/degrees/dutch-and-serbian-croatian-ba
10007784,UBADUTASWE18,Dutch and Swedish,BA,Yes,No,No,A49-G34,https://www.ucl.ac.uk/prospective-students/undergraduate/degrees/dutch-and-swedish-ba
10007784,UBADUTAUKR18,Dutch and Ukrainian,BA,Yes,No,No,A49-B81,https://www.ucl.ac.uk/prospective-students/undergraduate/degrees/dutch-and-ukrainian-ba
10007784,UBADUTAYID18,Dutch and Yiddish,BA,Yes,No,No,A49-G24,https://www.ucl.ac.uk/prospective-students/undergraduate/degrees/dutch-and-yiddish-ba
10007784,UBAEBSWEEA18,Economics and Business with East European Studies,BA,Yes,No,No,A23-J61,https://www.ucl.ac.uk/prospective-students/undergraduate/degrees/economics-and-business-east-european-studies-year-abroad-ba
10007784,UBAEBSWEES18,Economics and Business with East European Studies,BA,No,No,No,A23-J62,https://www.ucl.ac.uk/prospective-students/undergraduate/degrees/economics-and-business-east-european-studies-ba
10007784,UBAEDUACUL18,"Education, Society and Culture",BA,No,No,No,A23-J66,https://www.ucl.ac.uk/prospective-students/undergraduate/degrees/education-society-and-culture-ba
10007784,UBAESPSDUA18,European Social and Political Studies: Dual Degree,BA,Yes,No,No,A23-J89,https://www.ucl.ac.uk/prospective-students/undergraduate/degrees/european-social-and-political-studies-dual-degree-ba
10007784,UBAESPSSTU18,European Social and Political Studies,BA,Yes,No,No,A23-J88,https://www.ucl.ac.uk/prospective-students/undergraduate/degrees/european-social-and-political-studies-ba
10007784,UBAFINAFRE18,Finnish and French,BA,Yes,No,No,A49-A12,https://www.ucl.ac.uk/prospective-students/undergraduate/degrees/finnish-and-french-ba
10007784,UBAFINAGER18,Finnish and German,BA,Yes,No,No,A49-B82,https://www.ucl.ac.uk/prospective-students/undergraduate/degrees/finnish-and-german-ba
10007784,UBAFINAHEB18,Finnish and Hebrew,BA,Yes,No,No,A49-G26,https://www.ucl.ac.uk/prospective-students/undergraduate/degrees/finnish-and-hebrew-ba
10007784,UBAFINAHUN18,Finnish and Hungarian,BA,Yes,No,No,A49-A86,https://www.ucl.ac.uk/prospective-students/undergraduate/degrees/finnish-and-hungarian-ba
10007784,UBAFINAITA18,Finnish and Italian,BA,Yes,No,No,A49-B85,https://www.ucl.ac.uk/prospective-students/undergraduate/degrees/finnish-and-italian-ba
10007784,UBAFINANOR18,Finnish and Norwegian,BA,Yes,No,No,A49-B86,https://www.ucl.ac.uk/prospective-students/undergraduate/degrees/finnish-and-norwegian-ba
10007784,UBAFINAPOL18,Finnish and Polish,BA,Yes,No,No,A49-A87,https://www.ucl.ac.uk/prospective-students/undergraduate/degrees/finnish-and-polish-ba
10007784,UBAFINAPOR18,Finnish and Portuguese,BA,Yes,No,No,A49-B87,https://www.ucl.ac.uk/prospective-students/undergraduate/degrees/finnish-and-portuguese-ba
10007784,UBAFINAROM18,Finnish and Romanian,BA,Yes,No,No,A49-A88,https://www.ucl.ac.uk/prospective-students/undergraduate/degrees/finnish-and-romanian-ba
10007784,UBAFINARUS18,Finnish and Russian,BA,Yes,No,No,A49-B26,https://www.ucl.ac.uk/prospective-students/undergraduate/degrees/finnish-and-russian-ba
10007784,UBAFINASPA18,Finnish and Spanish,BA,Yes,No,No,A49-A55,https://www.ucl.ac.uk/prospective-students/undergraduate/degrees/finnish-and-spanish-ba
10007784,UBAFINASRB18,Finnish and Serbian/Croatian,BA,Yes,No,No,A49-B27,https://www.ucl.ac.uk/prospective-students/undergraduate/degrees/finnish-and-serbian-croatian-ba
10007784,UBAFINASWE18,Finnish and Swedish,BA,Yes,No,No,A49-B88,https://www.ucl.ac.uk/prospective-students/undergraduate/degrees/finnish-and-swedish-ba
10007784,UBAFINAUKR18,Finnish and Ukrainian,BA,Yes,No,No,A49-B28,https://www.ucl.ac.uk/prospective-students/undergraduate/degrees/finnish-and-ukrainian-ba
10007784,UBAFINAYID18,Finnish and Yiddish,BA,Yes,No,No,A49-G32,https://www.ucl.ac.uk/prospective-students/undergraduate/degrees/finnish-and-yiddish-ba
10007784,UBAFREAAAL18,French and an Asian or African Language,BA,Yes,No,No,A23-J94,https://www.ucl.ac.uk/prospective-students/undergraduate/degrees/french-and-asian-or-african-language-ba
10007784,UBAFREAENG18,French and English,BA,Yes,No,No,A48-I75,https://www.ucl.ac.uk/prospective-students/undergraduate/degrees/french-and-english-ba
10007784,UBAFREAGER18,French and German,BA,Yes,No,No,A49-A19,https://www.ucl.ac.uk/prospective-students/undergraduate/degrees/french-and-german-ba
10007784,UBAFREAHAR18,French and History of Art,BA,Yes,No,No,A49-A22,https://www.ucl.ac.uk/prospective-students/undergraduate/degrees/french-and-history-of-art-ba
10007784,UBAFREAHEB18,French and Hebrew,BA,Yes,No,No,A48-J88,https://www.ucl.ac.uk/prospective-students/undergraduate/degrees/french-and-hebrew-ba
10007784,UBAFREAHUN18,French and Hungarian,BA,Yes,No,No,A49-A23,https://www.ucl.ac.uk/prospective-students/undergraduate/degrees/french-and-hungarian-ba
10007784,UBAFREAITA18,French and Italian,BA,Yes,No,No,A49-A24,https://www.ucl.ac.uk/prospective-students/undergraduate/degrees/french-and-italian-ba
10007784,UBAFREALAT18,French and Latin,BA,Yes,No,No,A49-A25,https://www.ucl.ac.uk/prospective-students/undergraduate/degrees/french-and-latin-ba
10007784,UBAFREANOR18,French and Norwegian,BA,Yes,No,No,A49-A27,https://www.ucl.ac.uk/prospective-students/undergraduate/degrees/french-and-norwegian-ba
10007784,UBAFREAPHI18,French and Philosophy,BA,Yes,No,No,A49-A28,https://www.ucl.ac.uk/prospective-students/undergraduate/degrees/french-and-philosophy-ba
10007784,UBAFREAPOL18,French and Polish,BA,Yes,No,No,A49-A29,https://www.ucl.ac.uk/prospective-students/undergraduate/degrees/french-and-polish-ba
10007784,UBAFREAPOR18,French and Portuguese,BA,Yes,No,No,A49-A30,https://www.ucl.ac.uk/prospective-students/undergraduate/degrees/french-and-portuguese-ba
10007784,UBAFREAROM18,French and Romanian,BA,Yes,No,No,A49-A32,https://www.ucl.ac.uk/prospective-students/undergraduate/degrees/french-and-romanian-ba
10007784,UBAFREARUS18,French and Russian,BA,Yes,No,No,A49-A33,https://www.ucl.ac.uk/prospective-students/undergraduate/degrees/french-and-russian-ba
10007784,UBAFREASPA18,French and Spanish,BA,Yes,No,No,A49-A39,https://www.ucl.ac.uk/prospective-students/undergraduate/degrees/french-and-spanish-ba
10007784,UBAFREASRB18,French and Serbian/Croatian,BA,Yes,No,No,A49-A38,https://www.ucl.ac.uk/prospective-students/undergraduate/degrees/french-and-serbian-croatian-ba
10007784,UBAFREASWE18,French and Swedish,BA,Yes,No,No,A49-A40,https://www.ucl.ac.uk/prospective-students/undergraduate/degrees/french-and-swedish-ba
10007784,UBAFREAUKR18,French and Ukrainian,BA,Yes,No,No,A49-A35,https://www.ucl.ac.uk/prospective-students/undergraduate/degrees/french-and-ukrainian-ba
10007784,UBAFREAYID18,French and Yiddish,BA,Yes,No,No,A48-J89,https://www.ucl.ac.uk/prospective-students/undergraduate/degrees/french-and-yiddish-ba
10007784,UBAFSHAEES18,Finnish and East European Studies,BA,Yes,No,No,A23-J92,https://www.ucl.ac.uk/prospective-students/undergraduate/degrees/finnish-and-east-european-studies-ba
10007784,UBAGERAENG18,German and English,BA,Yes,No,No,A49-H15,https://www.ucl.ac.uk/prospective-students/undergraduate/degrees/german-and-english-ba
10007784,UBAGERAHAR18,German and History of Art,BA,Yes,No,No,A49-G89,https://www.ucl.ac.uk/prospective-students/undergraduate/degrees/german-and-history-of-art-ba
10007784,UBAGERAHEB18,German and Hebrew,BA,Yes,No,No,A48-J90,https://www.ucl.ac.uk/prospective-students/undergraduate/degrees/german-and-hebrew-ba
10007784,UBAGERAHIS18,German and History,BA,Yes,No,No,A24-A04,https://www.ucl.ac.uk/prospective-students/undergraduate/degrees/german-and-history-ba
10007784,UBAGERAHUN18,German and Hungarian,BA,Yes,No,No,A49-B89,https://www.ucl.ac.uk/prospective-students/undergraduate/degrees/german-and-hungarian-ba
10007784,UBAGERAITA18,German and Italian,BA,Yes,No,No,A49-G36,https://www.ucl.ac.uk/prospective-students/undergraduate/degrees/german-and-italian-ba
10007784,UBAGERAJEW18,German and Jewish Studies,BA,Yes,No,No,A49-G90,https://www.ucl.ac.uk/prospective-students/undergraduate/degrees/german-and-jewish-studies-ba
10007784,UBAGERALAT18,German and Latin,BA,Yes,No,No,A49-H06,https://www.ucl.ac.uk/prospective-students/undergraduate/degrees/german-and-latin-ba
10007784,UBAGERANOR18,German and Norwegian,BA,No,No,No,A49-G37,https://www.ucl.ac.uk/prospective-students/undergraduate/degrees/german-and-norwegian-ba
10007784,UBAGERAPHI18,German and Philosophy,BA,Yes,No,No,A49-H10,https://www.ucl.ac.uk/prospective-students/undergraduate/degrees/german-and-philosophy-ba
10007784,UBAGERAPOL18,German and Polish,BA,Yes,No,No,A49-B50,https://www.ucl.ac.uk/prospective-students/undergraduate/degrees/german-and-polish-ba
10007784,UBAGERAPOR18,German and Portuguese,BA,Yes,No,No,A49-G38,https://www.ucl.ac.uk/prospective-students/undergraduate/degrees/german-and-portuguese-ba
10007784,UBAGERAROM18,German and Romanian,BA,Yes,No,No,A49-B92,https://www.ucl.ac.uk/prospective-students/undergraduate/degrees/german-and-romanian-ba
10007784,UBAGERARUS18,German and Russian,BA,Yes,No,No,A49-B93,https://www.ucl.ac.uk/prospective-students/undergraduate/degrees/german-and-russian-ba
10007784,UBAGERASPA18,German and Spanish,BA,Yes,No,No,A49-A50,https://www.ucl.ac.uk/prospective-students/undergraduate/degrees/german-and-spanish-ba
10007784,UBAGERASRB18,German and Serbian/Croatian,BA,Yes,No,No,A49-B94,https://www.ucl.ac.uk/prospective-students/undergraduate/degrees/german-and-serbian-croatian-ba
10007784,UBAGERASWE18,German and Swedish,BA,Yes,No,No,A49-G39,https://www.ucl.ac.uk/prospective-students/undergraduate/degrees/german-and-swedish-ba
10007784,UBAGERAUKR18,German and Ukrainian,BA,Yes,No,No,A49-B96,https://www.ucl.ac.uk/prospective-students/undergraduate/degrees/german-and-ukrainian-ba
10007784,UBAGERAYID18,German and Yiddish,BA,Yes,No,No,A48-J91,https://www.ucl.ac.uk/prospective-students/undergraduate/degrees/german-and-yiddish-ba
10007784,UBAGREAENG18,Greek and English,BA,No,No,No,A24-A06,https://www.ucl.ac.uk/prospective-students/undergraduate/degrees/greek-and-english-ba
10007784,UBAHEBAHUN18,Hebrew and Hungarian,BA,Yes,No,No,A49-G40,https://www.ucl.ac.uk/prospective-students/undergraduate/degrees/hebrew-and-hungarian-ba
10007784,UBAHEBAITA18,Hebrew and Italian,BA,Yes,No,No,A49-G42,https://www.ucl.ac.uk/prospective-students/undergraduate/degrees/hebrew-and-italian-ba
10007784,UBAHEBAJEW18,Hebrew and Jewish Studies,BA,No,No,No,A24-A08,https://www.ucl.ac.uk/prospective-students/undergraduate/degrees/hebrew-and-jewish-studies-ba
10007784,UBAHEBAJWA18,Hebrew and Jewish Studies,BA,Yes,No,No,A24-A09,https://www.ucl.ac.uk/prospective-students/undergraduate/degrees/hebrew-and-jewish-studies-year-abroad-ba
10007784,UBAHEBANOR18,Hebrew and Norwegian,BA,Yes,No,No,A49-G43,https://www.ucl.ac.uk/prospective-students/undergraduate/degrees/hebrew-and-norwegian-ba
10007784,UBAHEBAPOL18,Hebrew and Polish,BA,Yes,No,No,A49-G44,https://www.ucl.ac.uk/prospective-students/undergraduate/degrees/hebrew-and-polish-ba
10007784,UBAHEBAROM18,Hebrew and Romanian,BA,Yes,Yes,No,A49-G45,https://www.ucl.ac.uk/prospective-students/undergraduate/degrees/hebrew-and-romanian-ba
10007784,UBAHEBASPA18,Hebrew and Spanish,BA,Yes,No,No,A49-A56,https://www.ucl.ac.uk/prospective-students/undergraduate/degrees/hebrew-and-spanish-ba
10007784,UBAHEBASRB18,Hebrew and Serbian/Croatian,BA,Yes,No,No,A49-G47,https://www.ucl.ac.uk/prospective-students/undergraduate/degrees/hebrew-and-serbian-croatian-ba
10007784,UBAHEBASWE18,Hebrew and Swedish,BA,Yes,No,No,A49-G49,https://www.ucl.ac.uk/prospective-students/undergraduate/degrees/hebrew-and-swedish-ba
10007784,UBAHEBAUKR18,Hebrew and Ukrainian,BA,Yes,No,No,A49-G50,https://www.ucl.ac.uk/prospective-students/undergraduate/degrees/hebrew-and-ukrainian-ba
10007784,UBAHPASING18,History and Politics of the Americas,BA,No,No,No,A39-E13,https://www.ucl.ac.uk/prospective-students/undergraduate/degrees/history-and-politics-americas-ba
10007784,UBAHPAWABR18,History and Politics of the Americas with a Year Abroad,BA,Yes,No,No,A39-E14,https://www.ucl.ac.uk/prospective-students/undergraduate/degrees/history-and-politics-americas-year-abroad-ba
10007784,UBAHPESING18,"History, Politics and Economics",BA,No,No,No,A24-A17,https://www.ucl.ac.uk/prospective-students/undergraduate/degrees/history-politics-and-economics-ba
10007784,UBAHSEAJEW19,History (Central and East European) and Jewish Studies,BA,Yes,No,No,A24-A12,https://www.ucl.ac.uk/prospective-students/undergraduate/degrees/history-central-and-east-european-and-jewish-studies-year-abroad-ba
10007784,UBAHUNAEES18,Hungarian and East European Studies,BA,Yes,No,No,A24-A20,https://www.ucl.ac.uk/prospective-students/undergraduate/degrees/hungarian-and-east-european-studies-ba
10007784,UBAHUNAITA18,Hungarian and Italian,BA,Yes,No,No,A49-B98,https://www.ucl.ac.uk/prospective-students/undergraduate/degrees/hungarian-and-italian-ba
10007784,UBAHUNANOR18,Hungarian and Norwegian,BA,Yes,No,No,A49-B99,https://www.ucl.ac.uk/prospective-students/undergraduate/degrees/hungarian-and-norwegian-ba
10007784,UBAHUNAPOL18,Hungarian and Polish,BA,Yes,No,No,A49-B29,https://www.ucl.ac.uk/prospective-students/undergraduate/degrees/hungarian-and-polish-ba
10007784,UBAHUNAPOR18,Hungarian and Portuguese,BA,Yes,No,No,A49-C00,https://www.ucl.ac.uk/prospective-students/undergraduate/degrees/hungarian-and-portuguese-ba
10007784,UBAHUNAROM18,Hungarian and Romanian,BA,Yes,No,No,A49-B30,https://www.ucl.ac.uk/prospective-students/undergraduate/degrees/hungarian-and-romanian-ba
10007784,UBAHUNARUS18,Hungarian and Russian,BA,Yes,No,No,A49-B31,https://www.ucl.ac.uk/prospective-students/undergraduate/degrees/hungarian-and-russian-ba
10007784,UBAHUNASPA18,Hungarian and Spanish,BA,Yes,No,No,A49-A57,https://www.ucl.ac.uk/prospective-students/undergraduate/degrees/hungarian-and-spanish-ba
10007784,UBAHUNASRB18,Hungarian and Serbian/Croatian,BA,Yes,No,No,A49-B32,https://www.ucl.ac.uk/prospective-students/undergraduate/degrees/hungarian-and-serbian-croatian-ba
10007784,UBAHUNASWE18,Hungarian and Swedish,BA,Yes,No,No,A49-C01,https://www.ucl.ac.uk/prospective-students/undergraduate/degrees/hungarian-and-swedish-ba
10007784,UBAHUNAUKR18,Hungarian and Ukrainian,BA,Yes,No,No,A49-B33,https://www.ucl.ac.uk/prospective-students/undergraduate/degrees/hungarian-and-ukrainian-ba
10007784,UBAHUNAYID18,Hungarian and Yiddish,BA,Yes,No,No,A49-G52,https://www.ucl.ac.uk/prospective-students/undergraduate/degrees/hungarian-and-yiddish-ba
10007784,UBAINTSSPS18,International Social and Political Studies,BA,Yes,No,No,A47-B92,https://www.ucl.ac.uk/prospective-students/undergraduate/degrees/international-social-and-political-studies-ba
10007784,UBAITAAHAR18,Italian and History of Art,BA,Yes,No,No,A49-G93,https://www.ucl.ac.uk/prospective-students/undergraduate/degrees/italian-and-history-of-art-ba
10007784,UBAITAAJEW18,Italian and Jewish Studies,BA,Yes,No,No,A49-G94,https://www.ucl.ac.uk/prospective-students/undergraduate/degrees/italian-and-jewish-studies-ba
10007784,UBAITAALAT18,Italian and Latin,BA,Yes,No,No,A49-H11,https://www.ucl.ac.uk/prospective-students/undergraduate/degrees/italian-and-latin-ba
10007784,UBAITAAMAN18,Italian and Management Studies,BA,Yes,No,No,A49-G97,https://www.ucl.ac.uk/prospective-students/undergraduate/degrees/italian-and-management-studies-ba
10007784,UBAITAANOR18,Italian and Norwegian,BA,Yes,No,No,A49-G55,https://www.ucl.ac.uk/prospective-students/undergraduate/degrees/italian-and-norwegian-ba
10007784,UBAITAAPHI18,Italian and Philosophy,BA,Yes,No,No,A49-H16,https://www.ucl.ac.uk/prospective-students/undergraduate/degrees/italian-and-philosophy-ba
10007784,UBAITAAPOL18,Italian and Polish,BA,Yes,No,No,A49-C09,https://www.ucl.ac.uk/prospective-students/undergraduate/degrees/italian-and-polish-ba
10007784,UBAITAAPOR18,Italian and Portuguese,BA,Yes,No,No,A49-G56,https://www.ucl.ac.uk/prospective-students/undergraduate/degrees/italian-and-portuguese-ba
10007784,UBAITAAROM18,Italian and Romanian,BA,Yes,No,No,A49-C10,https://www.ucl.ac.uk/prospective-students/undergraduate/degrees/italian-and-romanian-ba
10007784,UBAITAARUS18,Italian and Russian,BA,Yes,No,No,A49-C11,https://www.ucl.ac.uk/prospective-students/undergraduate/degrees/italian-and-russian-ba
10007784,UBAITAASPA18,Italian and Spanish,BA,Yes,No,No,A49-A59,https://www.ucl.ac.uk/prospective-students/undergraduate/degrees/italian-and-spanish-ba
10007784,UBAITAASRB18,Italian and Serbian/Croatian,BA,Yes,No,No,A49-C12,https://www.ucl.ac.uk/prospective-students/undergraduate/degrees/italian-and-serbian-croatian-ba
10007784,UBAITAASWE18,Italian and Swedish,BA,Yes,No,No,A49-G57,https://www.ucl.ac.uk/prospective-students/undergraduate/degrees/italian-and-swedish-ba
10007784,UBAITAAUKR18,Italian and Ukrainian,BA,Yes,No,No,A49-G60,https://www.ucl.ac.uk/prospective-students/undergraduate/degrees/italian-and-ukrainian-ba
10007784,UBAITAAYID18,Italian and Yiddish,BA,Yes,No,No,A48-J93,https://www.ucl.ac.uk/prospective-students/undergraduate/degrees/italian-and-yiddish-ba
10007784,UBALATAENG18,Latin and English,BA,No,No,No,A24-A28,https://www.ucl.ac.uk/prospective-students/undergraduate/degrees/latin-and-english-ba
10007784,UBALNGSCLT18,Language and Culture,BA,Yes,No,No,A24-A26,https://www.ucl.ac.uk/prospective-students/undergraduate/degrees/language-and-culture-ba
10007784,UBANORAPOL18,Norwegian and Polish,BA,Yes,No,No,A49-G61,https://www.ucl.ac.uk/prospective-students/undergraduate/degrees/norwegian-and-polish-ba
10007784,UBANORAPOR18,Norwegian and Portuguese,BA,Yes,No,No,A49-G58,https://www.ucl.ac.uk/prospective-students/undergraduate/degrees/norwegian-and-portuguese-ba
10007784,UBANORAROM18,Norwegian and Romanian,BA,Yes,No,No,A49-G63,https://www.ucl.ac.uk/prospective-students/undergraduate/degrees/norwegian-and-romanian-ba
10007784,UBANORARUS18,Norwegian and Russian,BA,Yes,No,No,A49-G64,https://www.ucl.ac.uk/prospective-students/undergraduate/degrees/norwegian-and-russian-ba
10007784,UBANORASPA18,Norwegian and Spanish,BA,Yes,No,No,A49-A60,https://www.ucl.ac.uk/prospective-students/undergraduate/degrees/norwegian-and-spanish-ba
10007784,UBANORASRB18,Norwegian and Serbian/Croatian,BA,Yes,No,No,A49-G66,https://www.ucl.ac.uk/prospective-students/undergraduate/degrees/norwegian-and-serbian-croatian-ba
10007784,UBANORAUKR18,Norwegian and Ukrainian,BA,Yes,No,No,A49-G68,https://www.ucl.ac.uk/prospective-students/undergraduate/degrees/norwegian-and-ukrainian-ba
10007784,UBANORAYID18,Norwegian and Yiddish,BA,Yes,No,No,A49-A06,https://www.ucl.ac.uk/prospective-students/undergraduate/degrees/norwegian-and-yiddish-ba
10007784,UBAPHIACOM18,Philosophy and Computer Science,BA,No,No,No,A71-H68,https://www.ucl.ac.uk/prospective-students/undergraduate/degrees/philosophy-and-computer-science-ba
10007784,UBAPHIAECO18,Philosophy and Economics,BA,No,No,No,A24-A70,https://www.ucl.ac.uk/prospective-students/undergraduate/degrees/philosophy-and-economics-ba
10007784,UBAPHIAHAR18,Philosophy and History of Art,BA,No,No,No,A24-A72,https://www.ucl.ac.uk/prospective-students/undergraduate/degrees/philosophy-and-history-art-ba
10007784,UBAPLSAEEA18,"Politics, Sociology and East European Studies",BA,Yes,No,No,A24-A80,https://www.ucl.ac.uk/prospective-students/undergraduate/degrees/politics-sociology-and-east-european-studies-year-abroad-ba
10007784,UBAPLSAEES18,"Politics, Sociology and East European Studies",BA,No,No,No,A24-A79,https://www.ucl.ac.uk/prospective-students/undergraduate/degrees/politics-sociology-and-east-european-studies-ba
10007784,UBAPOLAPOR18,Polish and Portuguese,BA,Yes,No,No,A49-G69,https://www.ucl.ac.uk/prospective-students/undergraduate/degrees/polish-and-portuguese-ba
10007784,UBAPOLAROM18,Polish and Romanian,BA,Yes,No,No,A49-B34,https://www.ucl.ac.uk/prospective-students/undergraduate/degrees/polish-and-romanian-ba
10007784,UBAPOLARUS18,Polish and Russian,BA,Yes,No,No,A49-B35,https://www.ucl.ac.uk/prospective-students/undergraduate/degrees/polish-and-russian-ba
10007784,UBAPOLASPA18,Polish and Spanish,BA,Yes,No,No,A49-A61,https://www.ucl.ac.uk/prospective-students/undergraduate/degrees/polish-and-spanish-ba
10007784,UBAPOLASRB18,Polish and Serbian/Croatian,BA,Yes,No,No,A49-B36,https://www.ucl.ac.uk/prospective-students/undergraduate/degrees/polish-and-serbian-croatian-ba
10007784,UBAPOLASWE18,Polish and Swedish,BA,Yes,No,No,A49-G70,https://www.ucl.ac.uk/prospective-students/undergraduate/degrees/polish-and-swedish-ba
10007784,UBAPOLAUKR18,Polish and Ukrainian,BA,Yes,No,No,A49-B37,https://www.ucl.ac.uk/prospective-students/undergraduate/degrees/polish-and-ukrainian-ba
10007784,UBAPOLAYID18,Polish and Yiddish,BA,Yes,No,No,A49-G62,https://www.ucl.ac.uk/prospective-students/undergraduate/degrees/polish-and-yiddish-ba
10007784,UBAPSHAEES18,Polish and East European Studies,BA,Yes,No,No,A24-A78,https://www.ucl.ac.uk/prospective-students/undergraduate/degrees/polish-and-east-european-studies-ba
10007784,UBAROMAEES18,Romanian and East European Studies,BA,Yes,No,No,A24-A89,https://www.ucl.ac.uk/prospective-students/undergraduate/degrees/romanian-and-east-european-studies-ba
10007784,UBAROMAPOR18,Romanian and Portuguese,BA,Yes,No,No,A49-G71,https://www.ucl.ac.uk/prospective-students/undergraduate/degrees/romanian-and-portuguese-ba
10007784,UBAROMARUS18,Romanian and Russian,BA,Yes,No,No,A49-B38,https://www.ucl.ac.uk/prospective-students/undergraduate/degrees/romanian-and-russian-ba
10007784,UBAROMASPA18,Romanian and Spanish,BA,Yes,No,No,A49-A62,https://www.ucl.ac.uk/prospective-students/undergraduate/degrees/romanian-and-spanish-ba
10007784,UBAROMASRB18,Romanian and Serbian/Croatian,BA,Yes,No,No,A49-B39,https://www.ucl.ac.uk/prospective-students/undergraduate/degrees/romanian-and-serbian-croatian-ba
10007784,UBAROMASWE18,Romanian and Swedish,BA,Yes,No,No,A49-G72,https://www.ucl.ac.uk/prospective-students/undergraduate/degrees/romanian-and-swedish-ba
10007784,UBAROMAUKR18,Romanian and Ukrainian,BA,Yes,No,No,A49-B40,https://www.ucl.ac.uk/prospective-students/undergraduate/degrees/romanian-and-ukrainian-ba
10007784,UBAROMAYID18,Romanian and Yiddish,BA,Yes,No,No,A48-J96,https://www.ucl.ac.uk/prospective-students/undergraduate/degrees/romanian-and-yiddish-ba
10007784,UBARUSAHSE18,Russian and History,BA,Yes,No,No,A24-A90,https://www.ucl.ac.uk/prospective-students/undergraduate/degrees/russian-and-history-ba
10007784,UBARUSAPOR18,Russian and Portuguese,BA,Yes,No,No,A49-G73,https://www.ucl.ac.uk/prospective-students/undergraduate/degrees/russian-and-portuguese-ba
10007784,UBARUSASPA18,Russian and Spanish,BA,Yes,No,No,A49-A63,https://www.ucl.ac.uk/prospective-students/undergraduate/degrees/russian-and-spanish-ba
10007784,UBARUSASRB18,Russian and Serbian/Croatian,BA,Yes,No,No,A49-B41,https://www.ucl.ac.uk/prospective-students/undergraduate/degrees/russian-and-serbian-croatian-ba
10007784,UBARUSASWE18,Russian and Swedish,BA,Yes,No,No,A49-G74,https://www.ucl.ac.uk/prospective-students/undergraduate/degrees/russian-and-swedish-ba
10007784,UBARUSAUKR18,Russian and Ukrainian,BA,Yes,No,No,A49-B53,https://www.ucl.ac.uk/prospective-students/undergraduate/degrees/russian-and-ukrainian-ba
10007784,UBARUSAYID18,Russian and Yiddish,BA,Yes,No,No,A48-J97,https://www.ucl.ac.uk/prospective-students/undergraduate/degrees/russian-and-yiddish-ba
10007784,UBASCAAENG18,Scandinavian Studies and English,BA,Yes,No,No,A49-H23,https://www.ucl.ac.uk/prospective-students/undergraduate/degrees/scandinavian-studies-and-english-ba
10007784,UBASCAAHAR18,Scandinavian Studies and History of Art,BA,Yes,No,No,A49-H00,https://www.ucl.ac.uk/prospective-students/undergraduate/degrees/scandinavian-studies-and-history-of-art-ba
10007784,UBASCAALAT18,Scandinavian Studies and Latin,BA,Yes,No,No,A49-H12,https://www.ucl.ac.uk/prospective-students/undergraduate/degrees/scandinavian-studies-and-latin-ba
10007784,UBASCAAPHI18,Scandinavian Studies and Philosophy,BA,Yes,No,No,A49-H29,https://www.ucl.ac.uk/prospective-students/undergraduate/degrees/scandinavian-studies-and-philosophy-ba
10007784,UBASCASVON18,Viking and Old Norse Studies,BA,Yes,No,No,A24-B12,https://www.ucl.ac.uk/prospective-students/undergraduate/degrees/viking-and-old-norse-studies-ba
10007784,UBASERAEES18,Serbian / Croatian and East European Studies,BA,Yes,No,No,A24-A97,https://www.ucl.ac.uk/prospective-students/undergraduate/degrees/serbian-croatian-and-east-european-studies-ba
10007784,UBASPAAHAR18,Spanish and History of Art,BA,Yes,No,No,A49-A42,https://www.ucl.ac.uk/prospective-students/undergraduate/degrees/spanish-and-history-of-art-ba
10007784,UBASPAALAS18,Spanish and Latin American Studies,BA,Yes,No,No,A24-B01,https://www.ucl.ac.uk/prospective-students/undergraduate/degrees/spanish-and-latin-american-studies-ba
10007784,UBASPAALAT18,Spanish and Latin,BA,Yes,No,No,A49-A44,https://www.ucl.ac.uk/prospective-students/undergraduate/degrees/spanish-and-latin-ba
10007784,UBASPAAPHI18,Spanish and Philosophy,BA,Yes,No,No,A49-A46,https://www.ucl.ac.uk/prospective-students/undergraduate/degrees/spanish-and-philosophy-ba
10007784,UBASPAAPOR18,Spanish and Portuguese,BA,Yes,No,No,A49-A66,https://www.ucl.ac.uk/prospective-students/undergraduate/degrees/spanish-and-portuguese-ba
10007784,UBASPAASWE18,Spanish and Swedish,BA,Yes,No,No,A49-A67,https://www.ucl.ac.uk/prospective-students/undergraduate/degrees/spanish-and-swedish-ba
10007784,UBASPAAUKR18,Spanish and Ukrainian,BA,Yes,No,No,A49-A49,https://www.ucl.ac.uk/prospective-students/undergraduate/degrees/spanish-and-ukrainian-ba
10007784,UBASPAAYID18,Spanish and Yiddish,BA,Yes,No,No,A48-J92,https://www.ucl.ac.uk/prospective-students/undergraduate/degrees/spanish-and-yiddish-ba
10007784,UBASRBAPOR18,Serbian/Croatian and Portuguese,BA,Yes,No,No,A49-G75,https://www.ucl.ac.uk/prospective-students/undergraduate/degrees/serbian-croatian-and-portuguese-ba
10007784,UBASRBASPA18,Serbian/Croatian and Spanish,BA,Yes,No,No,A49-A64,https://www.ucl.ac.uk/prospective-students/undergraduate/degrees/serbian-croatian-and-spanish-ba
10007784,UBASRBASWE18,Serbian/Croatian and Swedish,BA,Yes,No,No,A49-G76,https://www.ucl.ac.uk/prospective-students/undergraduate/degrees/serbian-croatian-and-swedish-ba
10007784,UBASRBAUKR18,Serbian/Croatian and Ukrainian,BA,Yes,No,No,A49-B44,https://www.ucl.ac.uk/prospective-students/undergraduate/degrees/serbian-croatian-and-ukrainian-ba
10007784,UBASRBAYID18,Serbian/Croatian and Yiddish,BA,Yes,No,No,A49-G77,https://www.ucl.ac.uk/prospective-students/undergraduate/degrees/serbian-croatian-and-yiddish-ba
10007784,UBASWEAPOR18,Swedish and Portuguese,BA,Yes,No,No,A49-G81,https://www.ucl.ac.uk/prospective-students/undergraduate/degrees/swedish-and-portuguese-ba
10007784,UBASWEAYID18,Swedish and Yiddish,BA,Yes,No,No,A49-A04,https://www.ucl.ac.uk/prospective-students/undergraduate/degrees/swedish-and-yiddish-ba
10007784,UBAUKRAEES18,Ukrainian and East European Studies,BA,Yes,No,No,A24-B09,https://www.ucl.ac.uk/prospective-students/undergraduate/degrees/ukrainian-and-east-european-studies-ba
10007784,UBAUKRAPOR18,Ukrainian and Portuguese,BA,Yes,No,No,A49-G82,https://www.ucl.ac.uk/prospective-students/undergraduate/degrees/ukrainian-and-portuguese-ba
10007784,UBAUKRASWE18,Ukrainian and Swedish,BA,Yes,No,No,A49-G83,https://www.ucl.ac.uk/prospective-students/undergraduate/degrees/ukrainian-and-swedish-ba
10007784,UBAUKRAYID18,Ukrainian and Yiddish,BA,Yes,No,No,A49-A00,https://www.ucl.ac.uk/prospective-students/undergraduate/degrees/ukrainian-and-yiddish-ba
10007784,UBAYTHASTF18,"Youth, Society and Sustainable Futures",BA,No,No,No,A71-H21,https://www.ucl.ac.uk/prospective-students/undergraduate/degrees/youth-society-and-sustainable-futures-ba
10007784,UBBASCSABR18,Arts and Sciences with Study Abroad,BASc,Yes,No,No,A23-J25,https://www.ucl.ac.uk/prospective-students/undergraduate/degrees/arts-and-sciences-study-abroad-basc
10007784,UBBASCSING18,Arts and Sciences,BASc,No,No,No,A23-J24,https://www.ucl.ac.uk/prospective-students/undergraduate/degrees/arts-and-sciences-basc
10007784,UBEECOASTA18,Economics and Statistics,BSc (Econ),No,No,No,A23-J64,https://www.ucl.ac.uk/prospective-students/undergraduate/degrees/economics-and-statistics-bsc-econ
10007784,UBLLAWSEGL18,English and German Law,LLB,Yes,No,No,A23-J84,https://www.ucl.ac.uk/prospective-students/undergraduate/degrees/english-and-german-law-dual-degree-llb
10007784,UBLLAWSHKD18,Bachelor of Laws (UCL) and LLB Bachelor of Laws (University of Hong Kong),LLB,Yes,No,No,A23-J28,https://www.ucl.ac.uk/prospective-students/undergraduate/degrees/bachelor-laws-ucl-and-bachelor-laws-hku-llb
10007784,UBNEENSEEE22,Electronic and Electrical Engineering,BEng,No,No,No,A23-J77,https://www.ucl.ac.uk/prospective-students/undergraduate/degrees/electronic-and-electrical-engineering-beng
10007784,UBSARCSAIA18,Architectural and Interdisciplinary Studies,BSc,Yes,No,No,A23-J21,https://www.ucl.ac.uk/prospective-students/undergraduate/degrees/architectural-and-interdisciplinary-studies-year-abroad-bsc
10007784,UBSARCSAIS18,Architectural and Interdisciplinary Studies,BSc,No,No,No,A23-J23,https://www.ucl.ac.uk/prospective-students/undergraduate/degrees/architectural-and-interdisciplinary-studies-bsc
10007784,UBSARCSUDM18,"Urban Planning, Design and Management",BSc,No,No,No,A24-B10,https://www.ucl.ac.uk/prospective-students/undergraduate/degrees/urban-planning-design-and-management-bsc
10007784,UBSBIPSMBM18,Bioprocessing of New Medicines (Business and Management),BSc,No,No,No,A23-J34,https://www.ucl.ac.uk/prospective-students/undergraduate/degrees/bioprocessing-new-medicines-business-and-management-bsc
10007784,UBSBUSAHEA01,Business and Health,BSc,No,No,No,A71-H69,https://www.ucl.ac.uk/prospective-students/undergraduate/degrees/business-and-health-bsc
10007784,UBSCSSSING18,Crime and Security Science,BSc,No,No,No,A24-A96,https://www.ucl.ac.uk/prospective-students/undergraduate/degrees/crime-and-security-science-bsc
10007784,UBSGEOAECO18,Geography and Economics,BSc,No,No,No,A23-J63,https://www.ucl.ac.uk/prospective-students/undergraduate/degrees/geography-and-economics-bsc
10007784,UBSHPSSING18,History and Philosophy of Science,BSc,No,No,No,A24-A14,https://www.ucl.ac.uk/prospective-students/undergraduate/degrees/history-and-philosophy-science-bsc
10007784,UBSIFCAIMM18,Infection and Immunity,BSc,No,No,No,A43-G87,https://www.ucl.ac.uk/prospective-students/undergraduate/degrees/infection-and-immunity-bsc
10007784,UBSMATAPHY18,Mathematics and Physics,BSc,No,No,No,A24-A41,https://www.ucl.ac.uk/prospective-students/undergraduate/degrees/mathematics-and-physics-bsc
10007784,UBSMATASTA18,Mathematics and Statistical Science,BSc,No,No,No,A24-A43,https://www.ucl.ac.uk/prospective-students/undergraduate/degrees/mathematics-and-statistical-science-bsc
10007784,UBSMEDSIAE18,Medical Innovation and Enterprise,BSc,No,No,No,A44-C22,https://www.ucl.ac.uk/prospective-students/undergraduate/degrees/medical-innovation-and-enterprise-bsc
10007784,UBSMEDSSAE18,Sport and Exercise Medical Sciences,BSc,No,No,No,A43-J46,https://www.ucl.ac.uk/prospective-students/undergraduate/degrees/sport-and-exercise-medical-sciences-bsc
10007784,UBSNMSSING18,Nutrition and Medical Sciences,BSc,No,No,No,A24-A65,https://www.ucl.ac.uk/prospective-students/undergraduate/degrees/nutrition-and-medical-sciences-bsc
10007784,UBSPLNAREE19,Urban Planning and Real Estate,BSc,No,No,No,A24-A77,https://www.ucl.ac.uk/prospective-students/undergraduate/degrees/urban-planning-and-real-estate-bsc
10007784,UBSPOLAINT18,Politics and International Relations,BSc,No,No,No,A47-B93,https://www.ucl.ac.uk/prospective-students/undergraduate/degrees/politics-and-international-relations-bsc
10007784,UBSPPESING18,"Philosophy, Politics and Economics",BSc,Yes,No,No,A24-A73,https://www.ucl.ac.uk/prospective-students/undergraduate/degrees/philosophy-politics-and-economics-bsc
10007784,UBSPSYALAN18,Psychology and Language Sciences,BSc,No,No,No,A24-A86,https://www.ucl.ac.uk/prospective-students/undergraduate/degrees/psychology-and-language-sciences-bsc
10007784,UBSSBESING18,"Sustainable Built Environments, Energy and Resources",BSc,No,No,No,A65-G57,https://www.ucl.ac.uk/prospective-students/undergraduate/degrees/sustainable-built-environments-energy-and-resources-bsc
10007784,UBSSCESSOC18,Science and Engineering for Social Change,BSc,No,No,No,A66-D03,https://www.ucl.ac.uk/prospective-students/undergraduate/degrees/science-and-engineering-social-change-bsc
10007784,UBSSPOSSCI18,Sociology and Politics of Science,BSc,No,No,No,A24-A95,https://www.ucl.ac.uk/prospective-students/undergraduate/degrees/sociology-and-politics-science-bsc
10007784,UBSSTAAMAB18,Statistics and Management for Business,BSc,No,No,No,A24-B04,https://www.ucl.ac.uk/prospective-students/undergraduate/degrees/statistics-and-management-business-bsc
10007784,UBSSTASSEF18,"Statistics, Economics and Finance",BSc,No,No,No,A24-B06,https://www.ucl.ac.uk/prospective-students/undergraduate/degrees/statistics-economics-and-finance-bsc
10007784,UBSSTASSEL18,"Statistics, Economics and a Language",BSc,No,No,No,A24-B05,https://www.ucl.ac.uk/prospective-students/undergraduate/degrees/statistics-economics-and-language-bsc
10007784,UMNCOMSRAI18,Robotics and Artificial Intelligence,Integrated MEng,No,No,No,A65-G50,https://www.ucl.ac.uk/prospective-students/undergraduate/degrees/robotics-and-artificial-intelligence-meng
10007784,UMNEENSEEE22,Electronic and Electrical Engineering,Integrated MEng,No,No,No,A23-J76,https://www.ucl.ac.uk/prospective-students/undergraduate/degrees/electronic-and-electrical-engineering-meng
10007784,UMNENGAARD18,Engineering and Architectural Design,Integrated MEng,No,No,No,A23-J82,https://www.ucl.ac.uk/prospective-students/undergraduate/degrees/engineering-and-architectural-design-meng
10007784,UMNSBESING18,"Sustainable Built Environments, Energy and Resources",Integrated MEng,No,No,No,A65-G58,https://www.ucl.ac.uk/prospective-students/undergraduate/degrees/sustainable-built-environments-energy-and-resources-meng
10007784,UMSBUSAHEA01,Business and Health,Integrated MSCi,Yes,No,No,A71-H70,https://www.ucl.ac.uk/prospective-students/undergraduate/degrees/business-and-health-msci
10007784,UMSHUMSEVL18,Human Sciences and Evolution,Integrated MSCi,No,No,No,A24-A19,https://www.ucl.ac.uk/prospective-students/undergraduate/degrees/human-sciences-and-evolution-msci
10007784,UMSMATAPHY18,Mathematics and Physic,Integrated MSCi,No,No,No,A24-A42,https://www.ucl.ac.uk/prospective-students/undergraduate/degrees/mathematics-and-physics-msci
10007784,UMSMATASTA18,Mathematics and Statistical Science,Integrated MSCi,No,No,No,A24-A44,https://www.ucl.ac.uk/prospective-students/undergraduate/degrees/mathematics-and-statistical-science-msci
10007784,UMSMEDSIAE18,Medical Innovation and Enterprise,Integrated MSCi,Yes,No,No,A44-C15,https://www.ucl.ac.uk/prospective-students/undergraduate/degrees/medical-innovation-and-enterprise-msci
10007784,UMSPSYALAN18,Psychology and Language Sciences,Integrated MSCi,No,No,No,A24-A87,https://www.ucl.ac.uk/prospective-students/undergraduate/degrees/psychology-and-language-sciences-msci
